id track,name,popularity,duration ms,explicit,artists,id artists,release date,release year,danceability,energy,key,loudness,mode,speechiness,acousticness,instrumentalness,liveness,valence,tempo,time signature,artist id 1,artist id 1 followers,artist id 1 genres,artist id 1 popularity,artist id 2,artist id 2 followers,artist id 2 genres,artist id 2 popularity,artist id 3,artist id 3 followers,artist id 3 genres,artist id 3 popularity,artist id 4,artist id 5,artist id 6,artist id 7,artist id 8,artist id 9,artist id 10,artist id 11,artist id 12,artist id 13,artist id 14,artist id 15,artist id 16,artist id 17,artist id 18,artist id 19,artist id 20,artist id 21,artist id 22,artist id 23,artist id 24,artist id 25,artist id 26,artist id 27,artist id 28,artist id 29,artist id 30,artist id 31,artist id 32,artist id 33,artist id 34,artist id 35,artist id 36,artist id 37,artist id 38,artist id 39,artist id 40,artist id 41,artist id 42,artist id 43,artist id 44,artist id 45,artist id 46,artist id 47,artist id 48,artist id 49,artist id 50,artist id 51,artist id 52,artist id 53,artist id 54,artist id 55,artist id 56,artist id 57,artist id 58,artist 1,artist 2,artist 3,artist 4,artist 5,artist 6,artist 7,artist 8,artist 9,artist 10,artist 11,artist 12,artist 13,artist 14,artist 15,artist 16,artist 17,artist 18,artist 19,artist 20,artist 21,artist 22,artist 23,artist 24,artist 25,artist 26,artist 27,artist 28,artist 29,artist 30,artist 31,artist 32,artist 33,artist 34,artist 35,artist 36,artist 37,artist 38,artist 39,artist 40,artist 41,artist 42,artist 43,artist 44,artist 45,artist 46,artist 47,artist 48,artist 49,artist 50,artist 51,artist 52,artist 53,artist 54,artist 55,artist 56,artist 57,artist 58
0004Uy71ku11n3LMpuyf59,24.11.94 - Wersja Akustyczna,34,258907,0,['Golden Life'],['3NyQ2NjqMjDtVSiEkXFW2r'],1/1/2012,2012,0.623,0.599,6,-9.255,1,0.0255,0.177,0.00148,0.0748,0.381,140.056,4,3NyQ2NjqMjDtVSiEkXFW2r,5425,['polish rock'],36,,,,,,,,,,,,,,,,,,,,,,,,,,,,,,,,,,,,,,,,,,,,,,,,,,,,,,,,,,,,,,,,Golden Life,,,,,,,,,,,,,,,,,,,,,,,,,,,,,,,,,,,,,,,,,,,,,,,,,,,,,,,,,
000CSYu4rvd8cQ7JilfxhZ,Adam et Ève,43,189107,0,['Kaïn'],['1KMHmX2PgvEl1nFzFmEdcZ'],5/3/2005,2005,0.624,0.766,2,-7.86,1,0.0731,0.345,0,0.113,0.548,95.128,4,1KMHmX2PgvEl1nFzFmEdcZ,30176,"['country quebecois', 'rock quebecois']",48,,,,,,,,,,,,,,,,,,,,,,,,,,,,,,,,,,,,,,,,,,,,,,,,,,,,,,,,,,,,,,,,Kaïn,,,,,,,,,,,,,,,,,,,,,,,,,,,,,,,,,,,,,,,,,,,,,,,,,,,,,,,,,
000d0lQMYaRR5ZXS9nTeiN,Paris sous les bombes,32,258533,1,"['Suprême NTM', 'Lucien Papalu', 'Gregg Mann']","['4ko6Ysxtvx9EY9GEFslrIz', '3O0LgGoi4HC9e9Yjrjj45g', '2xaaenWdJBlFetFixpU3ff']",1995,1995,0.826,0.827,1,-8.393,1,0.205,0.0106,4.62E-05,0.17,0.49,92.137,4,4ko6Ysxtvx9EY9GEFslrIz,340558,"['french hip hop', 'french reggae', 'old school rap francais', 'rap conscient']",56,3O0LgGoi4HC9e9Yjrjj45g,,,,2xaaenWdJBlFetFixpU3ff,,,,,,,,,,,,,,,,,,,,,,,,,,,,,,,,,,,,,,,,,,,,,,,,,,,,,,,,,,,Suprême NTM,Lucien Papalu,Gregg Mann,,,,,,,,,,,,,,,,,,,,,,,,,,,,,,,,,,,,,,,,,,,,,,,,,,,,,,,
000DsoWJKHdaUmhgcnpr8j,Balla Trazan Apansson / Vegetarianvisan,16,234533,0,['Trazan & Banarne'],['5PbCQPKjb0wQwaE7i5OVC6'],7/11/1977,1977,0.572,0.608,7,-10.224,1,0.555,0.642,0.00022,0.344,0.559,106.453,4,5PbCQPKjb0wQwaE7i5OVC6,8623,['barnmusik'],38,,,,,,,,,,,,,,,,,,,,,,,,,,,,,,,,,,,,,,,,,,,,,,,,,,,,,,,,,,,,,,,,Trazan & Banarne,,,,,,,,,,,,,,,,,,,,,,,,,,,,,,,,,,,,,,,,,,,,,,,,,,,,,,,,,
000G1xMMuwxNHmwVsBdtj1,Will Anything Happen,32,182347,0,['Blondie'],['4tpUmLEVLCGFr93o8hFFIB'],9/23/1978,1978,0.256,0.895,2,-4.86,1,0.0707,0.0131,0.000106,0.0821,0.555,191.307,4,4tpUmLEVLCGFr93o8hFFIB,914213,"['candy pop', 'new wave', 'new wave pop', 'permanent wave', 'power pop', 'rock']",73,,,,,,,,,,,,,,,,,,,,,,,,,,,,,,,,,,,,,,,,,,,,,,,,,,,,,,,,,,,,,,,,Blondie,,,,,,,,,,,,,,,,,,,,,,,,,,,,,,,,,,,,,,,,,,,,,,,,,,,,,,,,,
000jBcNljWTnyjB4YO7ojf,Me Quieres Perjudicar,0,179747,0,['Trio Maravilla'],['3cM6lCTVP4FEIExql5ehur'],1/1/1954,1954,0.788,0.808,5,-6.59,1,0.0395,0.656,0,0.154,0.969,113.046,4,3cM6lCTVP4FEIExql5ehur,95,['bomba y plena'],1,,,,,,,,,,,,,,,,,,,,,,,,,,,,,,,,,,,,,,,,,,,,,,,,,,,,,,,,,,,,,,,,Trio Maravilla,,,,,,,,,,,,,,,,,,,,,,,,,,,,,,,,,,,,,,,,,,,,,,,,,,,,,,,,,
000KblXP5csWFFFsD6smOy,Podrás,35,240013,0,['Tamara Castro'],['11PnNvuse5a0xPupBIeHyW'],7/8/2006,2006,0.619,0.518,4,-5.392,0,0.0534,0.805,0,0.102,0.314,143.757,3,11PnNvuse5a0xPupBIeHyW,26380,"['chamame', 'folclore salteno', 'folklore argentino']",44,,,,,,,,,,,,,,,,,,,,,,,,,,,,,,,,,,,,,,,,,,,,,,,,,,,,,,,,,,,,,,,,Tamara Castro,,,,,,,,,,,,,,,,,,,,,,,,,,,,,,,,,,,,,,,,,,,,,,,,,,,,,,,,,
000mGrJNc2GAgQdMESdgEc,"Symphony in B-Flat Major, Op. 20: II. Très lent - Un peu plus vite",0,498560,0,"['Ernest Chausson', 'Pierre Monteux']","['4dadMoMQOTGa96FlnhEzCi', '5fL4LVKRLKkyN1Xalpt0xx']",1951,1951,0.0753,0.15,2,-16.705,0,0.0371,0.302,0.884,0.121,0.0351,76.558,3,4dadMoMQOTGa96FlnhEzCi,4242,"['classical', 'french romanticism', 'late romantic era']",33,5fL4LVKRLKkyN1Xalpt0xx,1942,"['historic orchestral performance', 'orchestral performance']",34,,,,,,,,,,,,,,,,,,,,,,,,,,,,,,,,,,,,,,,,,,,,,,,,,,,,,,,,,,,,Ernest Chausson,Pierre Monteux,,,,,,,,,,,,,,,,,,,,,,,,,,,,,,,,,,,,,,,,,,,,,,,,,,,,,,,,
000Npgk5e2SgwGaIsN3ztv,Mere Hamsafar,0,206972,0,['Talat Mahmood'],['2fi9hpqNbi5neTbKSqG0vW'],12/31/1953,1953,0.277,0.145,3,-19.898,1,0.0845,0.98,0.879,0.111,0.494,75.644,4,2fi9hpqNbi5neTbKSqG0vW,310997,"['classic bollywood', 'classic pakistani pop', 'filmi', 'ghazal', 'sufi']",36,,,,,,,,,,,,,,,,,,,,,,,,,,,,,,,,,,,,,,,,,,,,,,,,,,,,,,,,,,,,,,,,Talat Mahmood,,,,,,,,,,,,,,,,,,,,,,,,,,,,,,,,,,,,,,,,,,,,,,,,,,,,,,,,,
000P83HDtOHcNVFZy7Q2Yu,El Licor de Tu Boquita,18,242493,0,['El Gran Combo De Puerto Rico'],['6nnspeopmJAG07xOxHmqTu'],1980,1980,0.619,0.561,7,-8.377,0,0.0736,0.438,4.17E-05,0.126,0.696,88.94,4,6nnspeopmJAG07xOxHmqTu,796333,"['boogaloo', 'latin', 'latin jazz', 'salsa', 'salsa puertorriquena', 'tropical']",63,,,,,,,,,,,,,,,,,,,,,,,,,,,,,,,,,,,,,,,,,,,,,,,,,,,,,,,,,,,,,,,,El Gran Combo De Puerto Rico,,,,,,,,,,,,,,,,,,,,,,,,,,,,,,,,,,,,,,,,,,,,,,,,,,,,,,,,,
000q9YBtesW8yPwlmus12C,Undrastrákurinn Óli,3,178515,0,['Þrjú á palli ásamt Sólskinskórnum'],['1OxALTjNea16L7SSbbdntA'],1/1/1975,1975,0.715,0.254,5,-15.459,1,0.0343,0.878,0,0.0867,0.559,94.205,4,1OxALTjNea16L7SSbbdntA,6,['barnalog'],4,,,,,,,,,,,,,,,,,,,,,,,,,,,,,,,,,,,,,,,,,,,,,,,,,,,,,,,,,,,,,,,,Þrjú á palli ásamt Sólskinskórnum,,,,,,,,,,,,,,,,,,,,,,,,,,,,,,,,,,,,,,,,,,,,,,,,,,,,,,,,,
000RDCYioLteXcutOjeweY,Teeje Week,54,190203,0,['Jordan Sandhu'],['3TozxPbDes76aGFdfv7PMv'],2/12/2018,2018,0.679,0.77,0,-3.537,1,0.19,0.0583,0,0.0825,0.839,161.721,4,3TozxPbDes76aGFdfv7PMv,588193,"['desi pop', 'punjabi pop']",58,,,,,,,,,,,,,,,,,,,,,,,,,,,,,,,,,,,,,,,,,,,,,,,,,,,,,,,,,,,,,,,,Jordan Sandhu,,,,,,,,,,,,,,,,,,,,,,,,,,,,,,,,,,,,,,,,,,,,,,,,,,,,,,,,,
000TiSS4vK5su0MkoFyQbd,Tenebre,44,159250,0,"['Sercho', 'Ultimo']","['1YzDKK9gJRBqqkL5wxQQTa', '3hN3iJMbbBmqBSAMx5veDa']",12/22/2017,2017,0.72,0.646,6,-7.691,0,0.106,0.237,0,0.127,0.0958,80.013,4,1YzDKK9gJRBqqkL5wxQQTa,100894,[],44,3hN3iJMbbBmqBSAMx5veDa,2313612,"['italian adult pop', 'italian pop']",69,,,,,,,,,,,,,,,,,,,,,,,,,,,,,,,,,,,,,,,,,,,,,,,,,,,,,,,,,,,,Sercho,Ultimo,,,,,,,,,,,,,,,,,,,,,,,,,,,,,,,,,,,,,,,,,,,,,,,,,,,,,,,,
000TXa2oEZLYfQGPCiv23U,Casanova,6,243200,0,['Buzstop'],['6FGFqtiMlC2k7ndP4yKtZJ'],1982,1982,0.61,0.91,6,-10.981,1,0.043,0.0606,0.0828,0.148,0.775,129.639,4,6FGFqtiMlC2k7ndP4yKtZJ,80,[],6,,,,,,,,,,,,,,,,,,,,,,,,,,,,,,,,,,,,,,,,,,,,,,,,,,,,,,,,,,,,,,,,Buzstop,,,,,,,,,,,,,,,,,,,,,,,,,,,,,,,,,,,,,,,,,,,,,,,,,,,,,,,,,
000u1dTg7y1XCDXi80hbBX,I Don't Want A Lover,58,300600,0,['Texas'],['5JsdVATHNPE0XdMFMRoSuf'],1/1/1989,1989,0.756,0.47,7,-12.615,1,0.0394,0.196,0.000487,0.126,0.43,120.484,4,5JsdVATHNPE0XdMFMRoSuf,333514,"['dance pop', 'europop', 'new wave pop', 'pop rock', 'scottish rock']",61,,,,,,,,,,,,,,,,,,,,,,,,,,,,,,,,,,,,,,,,,,,,,,,,,,,,,,,,,,,,,,,,Texas,,,,,,,,,,,,,,,,,,,,,,,,,,,,,,,,,,,,,,,,,,,,,,,,,,,,,,,,,
000x2qE0ZI3hodeVrnJK8A,(Love Me Like Music) I'll Be Your Song,37,200627,0,['Heart'],['34jw2BbxjoYalTp8cJFCPv'],1975,1975,0.507,0.356,0,-14.24,1,0.0306,0.339,0,0.18,0.472,134.248,4,34jw2BbxjoYalTp8cJFCPv,1589270,"['album rock', 'classic rock', 'hard rock', 'heartland rock', 'mellow gold', 'new wave pop', 'pop rock', 'rock', 'soft rock']",71,,,,,,,,,,,,,,,,,,,,,,,,,,,,,,,,,,,,,,,,,,,,,,,,,,,,,,,,,,,,,,,,Heart,,,,,,,,,,,,,,,,,,,,,,,,,,,,,,,,,,,,,,,,,,,,,,,,,,,,,,,,,
000xYdQfIZ4pDmBGzQalKU,"Eu, Você, O Mar e Ela",53,187119,0,['Luan Santana'],['3qvcCP2J0fWi0m0uQDUf6r'],11/4/2016,2016,0.509,0.803,0,-6.743,1,0.04,0.684,0.000539,0.463,0.651,166.018,4,3qvcCP2J0fWi0m0uQDUf6r,5200845,"['funk carioca', 'sertanejo', 'sertanejo pop', 'sertanejo universitario']",73,,,,,,,,,,,,,,,,,,,,,,,,,,,,,,,,,,,,,,,,,,,,,,,,,,,,,,,,,,,,,,,,Luan Santana,,,,,,,,,,,,,,,,,,,,,,,,,,,,,,,,,,,,,,,,,,,,,,,,,,,,,,,,,
000ydDsz4ijCNUsmoIeZcj,El Cachimbo,13,98667,0,['Conjunto Folklórico De Santiago'],['3XDaQwqzE0E8hb1qlDvvrg'],9/22/1978,1978,0.637,0.353,1,-13.978,0,0.039,0.233,8.44E-06,0.102,0.662,139.209,3,3XDaQwqzE0E8hb1qlDvvrg,38,[],4,,,,,,,,,,,,,,,,,,,,,,,,,,,,,,,,,,,,,,,,,,,,,,,,,,,,,,,,,,,,,,,,Conjunto Folklórico De Santiago,,,,,,,,,,,,,,,,,,,,,,,,,,,,,,,,,,,,,,,,,,,,,,,,,,,,,,,,,
000ZxLGm7jDlWCHtcXSeBe,Torpedo Juice,3,314667,0,"['Meade ""Lux"" Lewis']",['7MiRMD4od8lrhJ8sd0etP0'],1/1/1954,1954,0.685,0.483,2,-10.202,0,0.0337,0.795,0.878,0.113,0.854,97.694,4,7MiRMD4od8lrhJ8sd0etP0,3119,"['boogie-woogie', 'piano blues', 'stride']",22,,,,,,,,,,,,,,,,,,,,,,,,,,,,,,,,,,,,,,,,,,,,,,,,,,,,,,,,,,,,,,,,"Meade ""Lux"" Lewis",,,,,,,,,,,,,,,,,,,,,,,,,,,,,,,,,,,,,,,,,,,,,,,,,,,,,,,,,
00105Q1NbnHkf8R5eXXeXm,Es un Secreto,44,234067,0,"['Plan B', 'Tego']","['2jSGzJw0ebJLu7OLVSOcBP', '57FjeBC6mWQve5Plncj5CU']",8/23/2011,2011,0.777,0.832,6,-3.982,0,0.0403,0.334,1.08E-05,0.0765,0.72,94.964,4,2jSGzJw0ebJLu7OLVSOcBP,1260058,"['latin', 'reggaeton', 'trap latino', 'tropical']",76,57FjeBC6mWQve5Plncj5CU,1307,[],43,,,,,,,,,,,,,,,,,,,,,,,,,,,,,,,,,,,,,,,,,,,,,,,,,,,,,,,,,,,,Plan B,Tego,,,,,,,,,,,,,,,,,,,,,,,,,,,,,,,,,,,,,,,,,,,,,,,,,,,,,,,,
0012iPKNQl1zhdYwq3iVa1,"Serenade to Music (From ""The Merchant of Venice, Act V, Scene 1""): ""Look how the floor of heaven is thick inlaid""",0,114533,0,"['Ralph Vaughan Williams', 'Leonard Bernstein', 'New York Philharmonic']","['7wNkISK49lKeXuRaZcQVFe', '2LmyJyCF5V1eQyvHgJNbTn', '3gacryguGmpmCvgPGt2CBI']",1950,1950,0.148,0.149,7,-20.05,0,0.0376,0.933,0.759,0.152,0.0372,81.435,4,7wNkISK49lKeXuRaZcQVFe,75300,"['classical', 'early music', 'post-romantic era']",57,2LmyJyCF5V1eQyvHgJNbTn,145894,"['american modern classical', 'classical', 'classical performance', 'orchestral performance']",64,3gacryguGmpmCvgPGt2CBI,80746,"['american orchestra', 'classical', 'classical performance', 'orchestra']",59,,,,,,,,,,,,,,,,,,,,,,,,,,,,,,,,,,,,,,,,,,,,,,,,,,,,,,,,Ralph Vaughan Williams,Leonard Bernstein,New York Philharmonic,,,,,,,,,,,,,,,,,,,,,,,,,,,,,,,,,,,,,,,,,,,,,,,,,,,,,,,
00147h65HDYSncB3byziPP,My Shining Hour,12,241440,0,['Ella Fitzgerald'],['5V0MlUE1Bft0mbLlND7FJz'],1/1/1961,1961,0.238,0.253,10,-13.898,1,0.0315,0.877,0,0.0748,0.164,90.855,4,5V0MlUE1Bft0mbLlND7FJz,1931266,"['adult standards', 'jazz blues', 'swing', 'vocal jazz']",73,,,,,,,,,,,,,,,,,,,,,,,,,,,,,,,,,,,,,,,,,,,,,,,,,,,,,,,,,,,,,,,,Ella Fitzgerald,,,,,,,,,,,,,,,,,,,,,,,,,,,,,,,,,,,,,,,,,,,,,,,,,,,,,,,,,
0017A6SJgTbfQVU2EtsPNo,Pangarap,39,235440,0,"[""Barbie's Cradle""]",['2cUM0BKXb6AP3CQAYK7xOw'],1/1/2001,2001,0.682,0.401,2,-10.068,1,0.0236,0.279,0.0117,0.0887,0.566,97.091,4,2cUM0BKXb6AP3CQAYK7xOw,103090,"['opm', 'pinoy indie', 'pinoy rock']",40,,,,,,,,,,,,,,,,,,,,,,,,,,,,,,,,,,,,,,,,,,,,,,,,,,,,,,,,,,,,,,,,Barbie's Cradle],,,,,,,,,,,,,,,,,,,,,,,,,,,,,,,,,,,,,,,,,,,,,,,,,,,,,,,,,
0018QzCxmMrpa0FubbNdak,Embárgame A Mi,31,147933,0,['Los Invasores De Nuevo León'],['5CGtBYmVPeLhI1kM2Fn9Gv'],1/1/1993,1993,0.804,0.796,9,-8.616,1,0.032,0.319,0.000127,0.0987,0.965,113.964,4,5CGtBYmVPeLhI1kM2Fn9Gv,1028885,"['corrido', 'norteno', 'regional mexican']",72,,,,,,,,,,,,,,,,,,,,,,,,,,,,,,,,,,,,,,,,,,,,,,,,,,,,,,,,,,,,,,,,Los Invasores De Nuevo León,,,,,,,,,,,,,,,,,,,,,,,,,,,,,,,,,,,,,,,,,,,,,,,,,,,,,,,,,
001AGGmHtn4FUzXgAUxz39,Mi Larga Espera,13,191504,0,['Jorge Luis Hortúa'],['06R3opMhCs8yKsTKZfn6qN'],1/1/1991,1991,0.516,0.295,7,-15.558,0,0.0662,0.676,0,0.195,0.881,150.542,3,06R3opMhCs8yKsTKZfn6qN,64154,"['classic colombian pop', 'musica popular colombiana']",28,,,,,,,,,,,,,,,,,,,,,,,,,,,,,,,,,,,,,,,,,,,,,,,,,,,,,,,,,,,,,,,,Jorge Luis Hortúa,,,,,,,,,,,,,,,,,,,,,,,,,,,,,,,,,,,,,,,,,,,,,,,,,,,,,,,,,
001e2JrYMwnTeRnxf3sgIz,"Violin Concerto In D, Op.35, TH. 59: 2. Canzonetta (Andante)",12,364280,0,"['Pyotr Ilyich Tchaikovsky', 'Alfredo Campoli', 'London Symphony Orchestra', 'Ataúlfo Argenta']","['3MKCzCnpzw3TjUYs2v7vDA', '7MKl2t1B7oGprdL3uYc9Rt', '5yxyJsFanEAuwSM5kOuZKc', '16Tv8Es1dOEzT0hHKA9ChT']",1/1/1953,1953,0.192,0.0763,3,-24.388,1,0.0425,0.951,0.284,0.0702,0.0554,91.097,3,3MKCzCnpzw3TjUYs2v7vDA,964370,"['classical', 'late romantic era', 'russian romanticism']",71,7MKl2t1B7oGprdL3uYc9Rt,226,['italian violin'],10,5yxyJsFanEAuwSM5kOuZKc,219166,"['british orchestra', 'classical', 'classical performance', 'orchestra']",78,16Tv8Es1dOEzT0hHKA9ChT,,,,,,,,,,,,,,,,,,,,,,,,,,,,,,,,,,,,,,,,,,,,,,,,,,,,,,,Pyotr Ilyich Tchaikovsky,Alfredo Campoli,London Symphony Orchestra,Ataúlfo Argenta,,,,,,,,,,,,,,,,,,,,,,,,,,,,,,,,,,,,,,,,,,,,,,,,,,,,,,
001eyxfoYptAWzvF4ewLrR,"Die Meistersinger von Nürnberg, WWV 96 / Act 3: ""Morgenlich leuchtend""",28,602267,0,"['Richard Wagner', 'Plácido Domingo', 'Dietrich Fischer-Dieskau', 'Orchester der Deutschen Oper Berlin', 'Eugen Jochum']","['1C1x4MVkql8AiABuTw6DgE', '4pU3BpenOZFEBzORx2YBJW', '10CN8N2O3FlGlPVJWBiu5D', '4UH0f8KeI9GR9H403vxsNO', '6XVxGOzn7c2rLi1GpXxm5v']",1/1/1976,1976,0.326,0.181,0,-17.757,1,0.0473,0.982,0.0327,0.198,0.144,135.032,3,1C1x4MVkql8AiABuTw6DgE,475865,"['classical', 'german opera', 'german romanticism', 'late romantic era']",58,4pU3BpenOZFEBzORx2YBJW,141977,"['classical tenor', 'opera', 'operatic pop']",59,10CN8N2O3FlGlPVJWBiu5D,22103,"['art song', 'choral', 'classical', 'classical baritone', 'classical performance', 'opera']",47,4UH0f8KeI9GR9H403vxsNO,6XVxGOzn7c2rLi1GpXxm5v,,,,,,,,,,,,,,,,,,,,,,,,,,,,,,,,,,,,,,,,,,,,,,,,,,,,,,Richard Wagner,Plácido Domingo,Dietrich Fischer-Dieskau,Orchester der Deutschen Oper Berlin,Eugen Jochum,,,,,,,,,,,,,,,,,,,,,,,,,,,,,,,,,,,,,,,,,,,,,,,,,,,,,
001f6XLtM53gwKSauiUcKI,Tigresa - Remixed Original Album,31,379987,0,['Caetano Veloso'],['7HGNYPmbDrMkylWqeFCOIQ'],1/1/1977,1977,0.556,0.315,1,-12.923,0,0.228,0.151,0,0.102,0.364,129.998,4,7HGNYPmbDrMkylWqeFCOIQ,1554033,"['bossa nova', 'mpb', 'nova mpb', 'samba de roda', 'tropicalia']",72,,,,,,,,,,,,,,,,,,,,,,,,,,,,,,,,,,,,,,,,,,,,,,,,,,,,,,,,,,,,,,,,Caetano Veloso,,,,,,,,,,,,,,,,,,,,,,,,,,,,,,,,,,,,,,,,,,,,,,,,,,,,,,,,,
001gx41rQo0bKh063TrC1I,Camino a Camagüey,22,382030,0,['Silvio Rodríguez'],['4rUyBlggM5tZUH5QZn9ZuO'],1/1/1984,1984,0.503,0.233,10,-16.827,1,0.0675,0.813,0.0129,0.546,0.153,129.254,4,4rUyBlggM5tZUH5QZn9ZuO,926268,"['cantautor', 'latin alternative', 'nueva cancion', 'rock en espanol', 'trova']",69,,,,,,,,,,,,,,,,,,,,,,,,,,,,,,,,,,,,,,,,,,,,,,,,,,,,,,,,,,,,,,,,Silvio Rodríguez,,,,,,,,,,,,,,,,,,,,,,,,,,,,,,,,,,,,,,,,,,,,,,,,,,,,,,,,,
001GxQGaFwTjxM7tmKbMF3,La Falla Fue Tuya,30,214493,0,"['Diomedes Diaz', 'Juancho Rois']","['66NweiA3nU84k1S3SZdTSG', '0ZDAU5BLvLXTYqlrjW6KF1']",2004,2004,0.547,0.731,11,-6.055,1,0.0737,0.206,0,0.0939,0.965,159.801,4,66NweiA3nU84k1S3SZdTSG,1792102,"['cumbia', 'vallenato']",63,0ZDAU5BLvLXTYqlrjW6KF1,3860,['vallenato'],56,,,,,,,,,,,,,,,,,,,,,,,,,,,,,,,,,,,,,,,,,,,,,,,,,,,,,,,,,,,,Diomedes Diaz,Juancho Rois,,,,,,,,,,,,,,,,,,,,,,,,,,,,,,,,,,,,,,,,,,,,,,,,,,,,,,,,
001hyVfKgE2R1a0TBXeLlV,Adrenalina,52,219742,1,"['Pole.', '333.Empty']","['7D62OQfwvslnxJn9DkZm2F', '1ft2nNENe1wNSFpNSmb0rX']",5/20/2019,2019,0.666,0.554,11,-10.353,1,0.0325,0.67,0.00025,0.0631,0.414,130.052,4,7D62OQfwvslnxJn9DkZm2F,88446,"['spanish pop', 'urbano espanol']",65,1ft2nNENe1wNSFpNSmb0rX,,,,,,,,,,,,,,,,,,,,,,,,,,,,,,,,,,,,,,,,,,,,,,,,,,,,,,,,,,,,,,,Pole.,333.Empty,,,,,,,,,,,,,,,,,,,,,,,,,,,,,,,,,,,,,,,,,,,,,,,,,,,,,,,,
001I9iXPNwN0HlHfdQjDIX,El Senyor de Les Pedres,21,267840,0,['Sangtraït'],['0T4rfoOZaBOSDm6DyGVGzF'],1/1/1988,1988,0.453,0.688,5,-9.075,1,0.0556,0.0267,5.21E-06,0.293,0.42,120.953,4,0T4rfoOZaBOSDm6DyGVGzF,15039,"['cantautor', 'catalan folk', 'indie catala', 'punk catala', 'rock catala']",31,,,,,,,,,,,,,,,,,,,,,,,,,,,,,,,,,,,,,,,,,,,,,,,,,,,,,,,,,,,,,,,,Sangtraït,,,,,,,,,,,,,,,,,,,,,,,,,,,,,,,,,,,,,,,,,,,,,,,,,,,,,,,,,
001IcYypSE1ryXKY5KNIin,Baby Sleep Waves,58,2704053,0,['littleONES'],['2p8rLc4EurmlEyJq770JPl'],10/8/2016,2016,0.111,0.376,10,-27.786,0,0.0863,0.566,0.716,0.31,1.00E-05,95.28,5,2p8rLc4EurmlEyJq770JPl,9633,['lullaby'],66,,,,,,,,,,,,,,,,,,,,,,,,,,,,,,,,,,,,,,,,,,,,,,,,,,,,,,,,,,,,,,,,littleONES,,,,,,,,,,,,,,,,,,,,,,,,,,,,,,,,,,,,,,,,,,,,,,,,,,,,,,,,,
001LvKFwYbfKYPQF2Fiv77,Yeh Lo Main Haari Piya,34,190787,0,['Geeta Dutt'],['0QsbYX8XslSSUcztc6u4pO'],1/1/1954,1954,0.555,0.533,3,-7.609,1,0.0372,0.802,0.211,0.27,0.882,82.68,4,0QsbYX8XslSSUcztc6u4pO,307914,"['classic bollywood', 'classic pakistani pop', 'filmi', 'ghazal', 'sufi']",44,,,,,,,,,,,,,,,,,,,,,,,,,,,,,,,,,,,,,,,,,,,,,,,,,,,,,,,,,,,,,,,,Geeta Dutt,,,,,,,,,,,,,,,,,,,,,,,,,,,,,,,,,,,,,,,,,,,,,,,,,,,,,,,,,
001s02k3baVIxp6lIVRu6k,Yehi To Pyare Preet Ki,0,205473,0,['Janabai Pawar'],['6vwLfhlHMzAuDHsp1xtmON'],12/31/1937,1937,0.426,0.0884,3,-10.925,1,0.0639,0.988,0.00113,0.393,0.396,80.21,3,6vwLfhlHMzAuDHsp1xtmON,0,[],0,,,,,,,,,,,,,,,,,,,,,,,,,,,,,,,,,,,,,,,,,,,,,,,,,,,,,,,,,,,,,,,,Janabai Pawar,,,,,,,,,,,,,,,,,,,,,,,,,,,,,,,,,,,,,,,,,,,,,,,,,,,,,,,,,
001UI3J6PKAEnBgqrwGGQC,Pyramania,21,163840,0,['The Alan Parsons Project'],['2m62cc253Xvd9qYQ8d2X3d'],1977,1977,0.839,0.406,7,-17.732,1,0.1,0.0555,2.39E-05,0.107,0.559,139.367,4,2m62cc253Xvd9qYQ8d2X3d,949502,"['album rock', 'art rock', 'classic rock', 'mellow gold', 'progressive rock', 'soft rock', 'symphonic rock']",66,,,,,,,,,,,,,,,,,,,,,,,,,,,,,,,,,,,,,,,,,,,,,,,,,,,,,,,,,,,,,,,,The Alan Parsons Project,,,,,,,,,,,,,,,,,,,,,,,,,,,,,,,,,,,,,,,,,,,,,,,,,,,,,,,,,
001UkMQHw4zXfFNdKpwXAF,Brand New Man - with Luke Combs,69,191053,0,"['Brooks & Dunn', 'Luke Combs']","['0XKOBt59crntr7HQXXO8Yz', '718COspgdWOnwOFpJHRZHS']",4/5/2019,2019,0.573,0.846,7,-4.866,1,0.0344,0.00372,7.87E-05,0.29,0.562,127.061,4,0XKOBt59crntr7HQXXO8Yz,1815401,"['contemporary country', 'country', 'country road', 'country rock']",74,718COspgdWOnwOFpJHRZHS,4755356,['contemporary country'],85,,,,,,,,,,,,,,,,,,,,,,,,,,,,,,,,,,,,,,,,,,,,,,,,,,,,,,,,,,,,Brooks & Dunn,Luke Combs,,,,,,,,,,,,,,,,,,,,,,,,,,,,,,,,,,,,,,,,,,,,,,,,,,,,,,,,
001YQlnDSduXd5LgBd66gT,El Tiempo Es Dinero - Remasterizado 2007,36,177267,0,['Soda Stereo'],['7An4yvF7hDYDolN4m5zKBp'],2/6/1984,1984,0.554,0.921,2,-4.589,1,0.0758,0.0194,0.0881,0.329,0.7,183.571,1,7An4yvF7hDYDolN4m5zKBp,5474588,"['argentine rock', 'latin alternative', 'latin rock', 'post-punk argentina', 'rock en espanol', 'ska argentino']",77,,,,,,,,,,,,,,,,,,,,,,,,,,,,,,,,,,,,,,,,,,,,,,,,,,,,,,,,,,,,,,,,Soda Stereo,,,,,,,,,,,,,,,,,,,,,,,,,,,,,,,,,,,,,,,,,,,,,,,,,,,,,,,,,
001ZmOPuWEW5czwun7nkha,Would You? (End Title),8,92867,0,"['Gene Kelly', 'Betty Noyes']","['1mhlGWeiNrWnhJJc2EufYk', '3mLYVpwZgpKUH88QeyIkiG']",4/11/1952,1952,0.16,0.12,5,-15.244,1,0.0367,0.915,0.00024,0.28,0.162,169.722,1,1mhlGWeiNrWnhJJc2EufYk,66437,"['adult standards', 'vintage hollywood']",50,3mLYVpwZgpKUH88QeyIkiG,1398,['movie tunes'],36,,,,,,,,,,,,,,,,,,,,,,,,,,,,,,,,,,,,,,,,,,,,,,,,,,,,,,,,,,,,Gene Kelly,Betty Noyes,,,,,,,,,,,,,,,,,,,,,,,,,,,,,,,,,,,,,,,,,,,,,,,,,,,,,,,,
00218i6cYENiDszmBKsYYg,Gxldchainnn,55,132657,1,['Radical'],['4k6hMjEI3XFfMcRLCa9yd3'],8/23/2018,2018,0.706,0.473,0,-8.085,0,0.0926,0.984,0.0242,0.106,0.59,87.412,4,4k6hMjEI3XFfMcRLCa9yd3,34357,"['italian hip hop', 'trap italiana']",58,,,,,,,,,,,,,,,,,,,,,,,,,,,,,,,,,,,,,,,,,,,,,,,,,,,,,,,,,,,,,,,,Radical,,,,,,,,,,,,,,,,,,,,,,,,,,,,,,,,,,,,,,,,,,,,,,,,,,,,,,,,,
0022sbR4gAWFhpMaYLbtnX,Anatheorisa,22,216561,0,['Peggy Zina'],['4ut0QJyQkh4mrh3Cu6diKz'],1/1/2009,2009,0.748,0.865,8,-5.663,0,0.0327,0.18,0,0.133,0.879,138.018,4,4ut0QJyQkh4mrh3Cu6diKz,55093,"['greek pop', 'laiko']",44,,,,,,,,,,,,,,,,,,,,,,,,,,,,,,,,,,,,,,,,,,,,,,,,,,,,,,,,,,,,,,,,Peggy Zina,,,,,,,,,,,,,,,,,,,,,,,,,,,,,,,,,,,,,,,,,,,,,,,,,,,,,,,,,
0024tEymsoc9FyKUauQngQ,To the Unknown Man,41,546107,0,['Vangelis'],['4P70aqttdpJ9vuYFDmf7f6'],1977,1977,0.305,0.234,1,-18.255,1,0.0259,0.752,0.929,0.132,0.078,82.453,3,4P70aqttdpJ9vuYFDmf7f6,400296,"['cyberpunk', 'new age', 'synthesizer']",63,,,,,,,,,,,,,,,,,,,,,,,,,,,,,,,,,,,,,,,,,,,,,,,,,,,,,,,,,,,,,,,,Vangelis,,,,,,,,,,,,,,,,,,,,,,,,,,,,,,,,,,,,,,,,,,,,,,,,,,,,,,,,,
0025JMWRhsWx0GXdlzhHMO,Tyrant - 2016 - Remaster,1,197293,0,['Grave Digger'],['6mfghV4I1CD17FOhDKq7cJ'],5/27/2016,2016,0.252,0.877,0,-7.876,0,0.0481,5.05E-05,0.0807,0.0685,0.332,103.784,4,6mfghV4I1CD17FOhDKq7cJ,102443,"['german metal', 'german power metal', 'hard rock', 'melodic metal', 'metal', 'neo classical metal', 'neo-trad metal', 'power metal', 'speed metal']",45,,,,,,,,,,,,,,,,,,,,,,,,,,,,,,,,,,,,,,,,,,,,,,,,,,,,,,,,,,,,,,,,Grave Digger,,,,,,,,,,,,,,,,,,,,,,,,,,,,,,,,,,,,,,,,,,,,,,,,,,,,,,,,,
0029TH4cSnQ12KKfHaq11C,L.A. Goodbye,38,198960,0,['Secret Service'],['3xmyGL7g6crcLsRy1TNOQU'],1/1/2000,2000,0.616,0.819,5,-4.109,1,0.0303,0.00252,0.000114,0.215,0.962,126.816,4,3xmyGL7g6crcLsRy1TNOQU,35206,"['europop', 'italian disco']",48,,,,,,,,,,,,,,,,,,,,,,,,,,,,,,,,,,,,,,,,,,,,,,,,,,,,,,,,,,,,,,,,Secret Service,,,,,,,,,,,,,,,,,,,,,,,,,,,,,,,,,,,,,,,,,,,,,,,,,,,,,,,,,
002Ac7LJjVIcfFYMZ6Irue,Aquel Payaso,3,177613,0,['Ruben Rada'],['5AfGpwSbYKelc5nJjUVRmb'],8/23/1969,1969,0.4,0.391,6,-10.487,1,0.0276,0.485,1.18E-05,0.118,0.401,83.459,4,5AfGpwSbYKelc5nJjUVRmb,41358,"['folklore argentino', 'musica popular uruguaya', 'nueva cancion']",52,,,,,,,,,,,,,,,,,,,,,,,,,,,,,,,,,,,,,,,,,,,,,,,,,,,,,,,,,,,,,,,,Ruben Rada,,,,,,,,,,,,,,,,,,,,,,,,,,,,,,,,,,,,,,,,,,,,,,,,,,,,,,,,,
002ak2fuoNB5KW0plsN1jp,Sally,26,213533,0,['Vaya Con Dios'],['0ODWsmNXtn928qhhEn87C8'],4/10/1990,1990,0.731,0.39,9,-12.023,0,0.0286,0.421,2.55E-06,0.0785,0.696,97.397,4,0ODWsmNXtn928qhhEn87C8,96543,['classic belgian pop'],54,,,,,,,,,,,,,,,,,,,,,,,,,,,,,,,,,,,,,,,,,,,,,,,,,,,,,,,,,,,,,,,,Vaya Con Dios,,,,,,,,,,,,,,,,,,,,,,,,,,,,,,,,,,,,,,,,,,,,,,,,,,,,,,,,,
002aR3zqP6SvscCnPT44on,Binorie Variations,0,726436,0,"['Tom Scott', 'The Vienna Orchestra', 'F. Charles Adler']","['72ktMty33X1LsIzHdRr0U5', '2Q4AoMelkWlbAoSjcALnyR', '3na0iumTFmVD62dzsoQjS9']",1/1/1955,1955,0.203,0.107,4,-21.175,0,0.0399,0.925,0.832,0.112,0.0375,107.391,4,72ktMty33X1LsIzHdRr0U5,21856,"['jazz funk', 'smooth jazz']",38,2Q4AoMelkWlbAoSjcALnyR,80,[],1,3na0iumTFmVD62dzsoQjS9,,,,,,,,,,,,,,,,,,,,,,,,,,,,,,,,,,,,,,,,,,,,,,,,,,,,,,,,,,,Tom Scott,The Vienna Orchestra,F. Charles Adler,,,,,,,,,,,,,,,,,,,,,,,,,,,,,,,,,,,,,,,,,,,,,,,,,,,,,,,
002c2TeuD0GPfL2ahcmWEF,Uth Soye Huye Husn,0,178204,0,['Zohrabai Ambalawali'],['4IbxoDWYegersIEUCd9OcY'],12/31/1945,1945,0.676,0.245,6,-10.906,0,0.0945,0.995,0.571,0.134,0.748,75.444,4,4IbxoDWYegersIEUCd9OcY,8424,"['classic bollywood', 'ghazal']",6,,,,,,,,,,,,,,,,,,,,,,,,,,,,,,,,,,,,,,,,,,,,,,,,,,,,,,,,,,,,,,,,Zohrabai Ambalawali,,,,,,,,,,,,,,,,,,,,,,,,,,,,,,,,,,,,,,,,,,,,,,,,,,,,,,,,,
002CcxKpBE1tfKOy2CRaWr,Teri Bhi Chup Aur Meri Bhi Chup,0,194154,0,"['Asha Bhosle', 'Mohammed Rafi']","['5as8A4G47Ohu9NSWs3Je8U', '0gXDpqwYNDODn7fB0RDN8J']",12/31/1955,1955,0.505,0.419,3,-10.511,0,0.316,0.983,0.0512,0.148,0.654,134.658,3,5as8A4G47Ohu9NSWs3Je8U,1975077,"['chutney', 'classic bollywood', 'desi pop', 'filmi', 'sufi']",65,0gXDpqwYNDODn7fB0RDN8J,2137236,"['classic bollywood', 'classic tollywood', 'desi pop', 'filmi', 'sufi']",64,,,,,,,,,,,,,,,,,,,,,,,,,,,,,,,,,,,,,,,,,,,,,,,,,,,,,,,,,,,,Asha Bhosle,Mohammed Rafi,,,,,,,,,,,,,,,,,,,,,,,,,,,,,,,,,,,,,,,,,,,,,,,,,,,,,,,,
002dEfJAJnpoDU5cUhMmZJ,Melodie in A,0,158145,0,"['Eddie South & His Orchestra', 'Eddie South']","['2hcxl5KeTzq5z5KWdPcMMi', '1E1ti7Ttt0Vq3GVCw9oHvm']",1940,1940,0.354,0.353,9,-12.506,1,0.068,0.985,0.278,0.0957,0.649,152.424,4,2hcxl5KeTzq5z5KWdPcMMi,1,[],0,1E1ti7Ttt0Vq3GVCw9oHvm,1520,['jazz violin'],18,,,,,,,,,,,,,,,,,,,,,,,,,,,,,,,,,,,,,,,,,,,,,,,,,,,,,,,,,,,,Eddie South & His Orchestra,Eddie South,,,,,,,,,,,,,,,,,,,,,,,,,,,,,,,,,,,,,,,,,,,,,,,,,,,,,,,,
002dh6a4LfxfGGnhPZY4fG,"Paris, France / When Does This Feeling Go Away?",0,309347,0,"['Stephen Douglass', 'Make a Wish Ensemble']","['103gx064OcKkknnC8OrpNe', '2FXZDmxEeLU4GNpIaILYkD']",1951,1951,0.389,0.312,7,-9.839,1,0.04,0.919,4.08E-06,0.425,0.289,119.479,4,103gx064OcKkknnC8OrpNe,83,[],10,2FXZDmxEeLU4GNpIaILYkD,1,[],0,,,,,,,,,,,,,,,,,,,,,,,,,,,,,,,,,,,,,,,,,,,,,,,,,,,,,,,,,,,,Stephen Douglass,Make a Wish Ensemble,,,,,,,,,,,,,,,,,,,,,,,,,,,,,,,,,,,,,,,,,,,,,,,,,,,,,,,,
002DkDzzQ7lrgaqWBF2o1M,Snabbköpskassörskan,37,205280,0,['Di sma undar jordi'],['4nMn2UgtOPeVl1xyTh0Xir'],1/1/1985,1985,0.509,0.715,7,-6.419,1,0.176,0.0251,0,0.419,0.833,178.144,4,4nMn2UgtOPeVl1xyTh0Xir,350,['gotlandsk musik'],24,,,,,,,,,,,,,,,,,,,,,,,,,,,,,,,,,,,,,,,,,,,,,,,,,,,,,,,,,,,,,,,,Di sma undar jordi,,,,,,,,,,,,,,,,,,,,,,,,,,,,,,,,,,,,,,,,,,,,,,,,,,,,,,,,,
002GhFnAM2IkoVWzVnqJHe,"Neenaade Naa (From ""Yuvarathnaa (Kannada)"")",55,252460,0,"['Thaman S', 'Armaan Malik', 'Shreya Ghoshal']","['2FgHPfRprDaylrSRVf1UlN', '4IKVDbCSBTxBeAsMKjAuTs', '0oOet2f43PA68X5RxKobEy']",12/25/2020,2020,0.445,0.553,10,-8.204,0,0.0331,0.82,4.70E-06,0.19,0.397,185.871,3,2FgHPfRprDaylrSRVf1UlN,1822827,"['filmi', 'tamil pop']",67,4IKVDbCSBTxBeAsMKjAuTs,9250478,"['desi pop', 'filmi', 'modern bollywood']",72,0oOet2f43PA68X5RxKobEy,7233758,"['desi pop', 'filmi', 'modern bollywood', 'sufi']",77,,,,,,,,,,,,,,,,,,,,,,,,,,,,,,,,,,,,,,,,,,,,,,,,,,,,,,,,Thaman S,Armaan Malik,Shreya Ghoshal,,,,,,,,,,,,,,,,,,,,,,,,,,,,,,,,,,,,,,,,,,,,,,,,,,,,,,,
002jsFzKzBLqDS71IZpnd6,I Dunno,5,211293,0,['Linda Lewis'],['5IrR4pNp1CQNk7pxlMOvFu'],1971,1971,0.691,0.4,4,-8.828,1,0.0367,0.755,0.000125,0.11,0.716,121.355,4,5IrR4pNp1CQNk7pxlMOvFu,3758,[],36,,,,,,,,,,,,,,,,,,,,,,,,,,,,,,,,,,,,,,,,,,,,,,,,,,,,,,,,,,,,,,,,Linda Lewis,,,,,,,,,,,,,,,,,,,,,,,,,,,,,,,,,,,,,,,,,,,,,,,,,,,,,,,,,
002KIBXwb0pa66mPGuPKMr,When You Don't See Me,33,294249,0,['Sisters of Mercy'],['4HxBVyHaUa60eCSsJWxwWR'],3/1/1990,1990,0.641,0.854,9,-9.109,0,0.0291,0.00171,0.348,0.325,0.871,121.244,4,4HxBVyHaUa60eCSsJWxwWR,252814,['corrosion'],56,,,,,,,,,,,,,,,,,,,,,,,,,,,,,,,,,,,,,,,,,,,,,,,,,,,,,,,,,,,,,,,,Sisters of Mercy,,,,,,,,,,,,,,,,,,,,,,,,,,,,,,,,,,,,,,,,,,,,,,,,,,,,,,,,,
002lZtb0gYsfOJKqIouc0j,008 - Moby Dick - Teil 35,14,53600,0,['Die Originale'],['0PCtW4w0RN89andUBQ3TVv'],9/11/1972,1972,0.606,0.954,3,-5.939,0,0.934,0.959,0,0.915,0.288,76.856,3,0PCtW4w0RN89andUBQ3TVv,16378,"['hoerspiel', 'kleine hoerspiel', 'reading']",54,,,,,,,,,,,,,,,,,,,,,,,,,,,,,,,,,,,,,,,,,,,,,,,,,,,,,,,,,,,,,,,,Die Originale,,,,,,,,,,,,,,,,,,,,,,,,,,,,,,,,,,,,,,,,,,,,,,,,,,,,,,,,,
002sGwDZYna3CKXbYIilHz,Life,0,166949,0,['Latte Chill'],['3TcWMrT4GT6H95mspFncxF'],12/16/2009,2009,0.525,0.659,9,-14.273,0,0.0314,0.218,0.865,0.119,0.739,128.002,4,3TcWMrT4GT6H95mspFncxF,,,,,,,,,,,,,,,,,,,,,,,,,,,,,,,,,,,,,,,,,,,,,,,,,,,,,,,,,,,,,,,,,,,Latte Chill,,,,,,,,,,,,,,,,,,,,,,,,,,,,,,,,,,,,,,,,,,,,,,,,,,,,,,,,,
002TGKi4LBwxYodlfWoaN0,Cunnamulla Fella - 1998 Remaster,32,132093,0,['Slim Dusty'],['0M4w6wFmaVFmP4lIndnEU5'],1/1/2000,2000,0.763,0.881,5,-7.409,1,0.0311,0.596,3.11E-05,0.148,0.987,143.164,4,0M4w6wFmaVFmP4lIndnEU5,91798,"['australian country', 'australian rock', 'bush ballad', 'classic australian country']",54,,,,,,,,,,,,,,,,,,,,,,,,,,,,,,,,,,,,,,,,,,,,,,,,,,,,,,,,,,,,,,,,Slim Dusty,,,,,,,,,,,,,,,,,,,,,,,,,,,,,,,,,,,,,,,,,,,,,,,,,,,,,,,,,
002x5YvGv3c0OW9HOoa4lG,El Pajarito,10,173035,0,['Los Graduados'],['1JldSq8x5MHlqxHVMDEnlF'],1/1/1977,1977,0.745,0.586,10,-6.647,1,0.0627,0.629,0.000382,0.34,0.95,90.111,4,1JldSq8x5MHlqxHVMDEnlF,32043,"['classic colombian pop', 'cumbia', 'musica llanera']",33,,,,,,,,,,,,,,,,,,,,,,,,,,,,,,,,,,,,,,,,,,,,,,,,,,,,,,,,,,,,,,,,Los Graduados,,,,,,,,,,,,,,,,,,,,,,,,,,,,,,,,,,,,,,,,,,,,,,,,,,,,,,,,,
002zOHMdBKYgNGtmmHSE2D,Zing! Went The Strings Of My Heart - Live/Medley,5,250893,0,['Judy Garland'],['0hItVPjwJLVZrFqOyIsxPf'],2/2/1959,1959,0.39,0.699,7,-9.87,1,0.807,0.797,0,0.7,0.791,164.58,4,0hItVPjwJLVZrFqOyIsxPf,172112,"['adult standards', 'hollywood', 'lounge', 'torch song', 'vocal jazz']",54,,,,,,,,,,,,,,,,,,,,,,,,,,,,,,,,,,,,,,,,,,,,,,,,,,,,,,,,,,,,,,,,Judy Garland,,,,,,,,,,,,,,,,,,,,,,,,,,,,,,,,,,,,,,,,,,,,,,,,,,,,,,,,,
00309sp8DDeN07RtAyBKIX,Workaholic,34,251646,1,['2 Unlimited'],['18JD8DVlD1fakDAw7E9LFC'],2/24/1992,1992,0.57,0.881,7,-12.808,1,0.0483,0.000704,0.19,0.334,0.623,128.91,4,18JD8DVlD1fakDAw7E9LFC,159288,"['bubblegum dance', 'eurodance', 'europop', 'hip house']",59,,,,,,,,,,,,,,,,,,,,,,,,,,,,,,,,,,,,,,,,,,,,,,,,,,,,,,,,,,,,,,,,2 Unlimited,,,,,,,,,,,,,,,,,,,,,,,,,,,,,,,,,,,,,,,,,,,,,,,,,,,,,,,,,
0033rRpGIViA0RngXc0jtL,The Day Before The New Year,0,245957,1,['Artemius Wolf'],['6AHGSLoRCZrOOtk2vMvF4n'],11/1/2012,2012,0.175,0.0682,5,-16.955,1,0.0419,0.937,0.888,0.226,0.0354,118.248,4,6AHGSLoRCZrOOtk2vMvF4n,,,,,,,,,,,,,,,,,,,,,,,,,,,,,,,,,,,,,,,,,,,,,,,,,,,,,,,,,,,,,,,,,,,Artemius Wolf,,,,,,,,,,,,,,,,,,,,,,,,,,,,,,,,,,,,,,,,,,,,,,,,,,,,,,,,,
0034Fs63aj5J6FTxe5U2Ru,Medley Masa Records,11,777667,0,['Wilkins'],['5Awnuu794580X3uHQGx78O'],6/10/1983,1983,0.466,0.419,0,-10.342,1,0.0371,0.698,6.09E-05,0.209,0.277,122.637,4,5Awnuu794580X3uHQGx78O,22255,['puerto rican pop'],54,,,,,,,,,,,,,,,,,,,,,,,,,,,,,,,,,,,,,,,,,,,,,,,,,,,,,,,,,,,,,,,,Wilkins,,,,,,,,,,,,,,,,,,,,,,,,,,,,,,,,,,,,,,,,,,,,,,,,,,,,,,,,,
0036VchQkckr6Xxz7WYEh0,Poetry,31,232587,0,['Elin Synnøve Bråthen'],['4UbKt70l6utIvEDvLzWef5'],3/8/2010,2010,0.707,0.266,1,-12.338,1,0.0307,0.766,3.72E-05,0.105,0.473,92.008,4,4UbKt70l6utIvEDvLzWef5,,,,,,,,,,,,,,,,,,,,,,,,,,,,,,,,,,,,,,,,,,,,,,,,,,,,,,,,,,,,,,,,,,,Elin Synnøve Bråthen,,,,,,,,,,,,,,,,,,,,,,,,,,,,,,,,,,,,,,,,,,,,,,,,,,,,,,,,,
0038DNjmwf6yFivn7PLwqP,Yum-Yum,21,336653,0,['Nile Rodgers'],['3yDIp0kaq9EFKe07X1X2rz'],1983,1983,0.898,0.739,9,-7.487,0,0.0605,0.225,0.000128,0.285,0.883,113.884,4,3yDIp0kaq9EFKe07X1X2rz,73915,['disco'],73,,,,,,,,,,,,,,,,,,,,,,,,,,,,,,,,,,,,,,,,,,,,,,,,,,,,,,,,,,,,,,,,Nile Rodgers,,,,,,,,,,,,,,,,,,,,,,,,,,,,,,,,,,,,,,,,,,,,,,,,,,,,,,,,,
003d3VbyJTZiiOYT2W7fnQ,Mr. Bojangles,41,290933,0,['Neil Diamond'],['7mEIug7XUlQHikrFxjTWes'],1/1/1973,1973,0.461,0.32,0,-16.337,1,0.0327,0.266,3.50E-06,0.211,0.487,134.881,3,7mEIug7XUlQHikrFxjTWes,1488711,"['adult standards', 'brill building pop', 'folk', 'folk rock', 'mellow gold', 'singer-songwriter', 'soft rock', 'yacht rock']",72,,,,,,,,,,,,,,,,,,,,,,,,,,,,,,,,,,,,,,,,,,,,,,,,,,,,,,,,,,,,,,,,Neil Diamond,,,,,,,,,,,,,,,,,,,,,,,,,,,,,,,,,,,,,,,,,,,,,,,,,,,,,,,,,
003FTlCpBTM4eSqYSWPv4H,"Swing, Swing",69,233267,0,['The All-American Rejects'],['3vAaWhdBR38Q02ohXqaNHT'],10/15/2002,2002,0.553,0.717,7,-5.857,1,0.0318,6.48E-05,0.128,0.0385,0.318,127.947,4,3vAaWhdBR38Q02ohXqaNHT,2074499,"['modern rock', 'neo mellow', 'pop punk', 'pop rock', 'post-teen pop']",72,,,,,,,,,,,,,,,,,,,,,,,,,,,,,,,,,,,,,,,,,,,,,,,,,,,,,,,,,,,,,,,,The All-American Rejects,,,,,,,,,,,,,,,,,,,,,,,,,,,,,,,,,,,,,,,,,,,,,,,,,,,,,,,,,
003fzMu2jBvZqXNPMYNYox,Momentos de Amor,32,213107,0,['Carlos Vives'],['4vhNDa5ycK0ST968ek7kRr'],9/29/2009,2009,0.567,0.603,7,-8.223,1,0.044,0.317,3.70E-05,0.13,0.681,159.934,4,4vhNDa5ycK0ST968ek7kRr,4349020,"['champeta', 'colombian pop', 'latin', 'latin pop', 'tropical', 'vallenato']",76,,,,,,,,,,,,,,,,,,,,,,,,,,,,,,,,,,,,,,,,,,,,,,,,,,,,,,,,,,,,,,,,Carlos Vives,,,,,,,,,,,,,,,,,,,,,,,,,,,,,,,,,,,,,,,,,,,,,,,,,,,,,,,,,
003gesN9g85fPpsH1Gx5OO,Iko Iko,47,196040,0,['Captain Jack'],['1b81zU0IfjHE8krv2IZ0Hf'],2001,2001,0.792,0.952,2,-6.749,1,0.055,0.134,0.000263,0.254,0.968,106.009,4,1b81zU0IfjHE8krv2IZ0Hf,52628,"['bubblegum dance', 'eurodance', 'europop', 'german techno', 'hip house']",56,,,,,,,,,,,,,,,,,,,,,,,,,,,,,,,,,,,,,,,,,,,,,,,,,,,,,,,,,,,,,,,,Captain Jack,,,,,,,,,,,,,,,,,,,,,,,,,,,,,,,,,,,,,,,,,,,,,,,,,,,,,,,,,
003hDp0MCmLiYKYRfzbhMo,Dos Claveles,18,229227,0,"['Diomedes Diaz', 'El Cocha Molina']","['66NweiA3nU84k1S3SZdTSG', '3mGBnso9JtXG8OeNT7fqMs']",1996,1996,0.621,0.817,4,-3.34,1,0.0526,0.509,0,0.156,0.976,155.129,4,66NweiA3nU84k1S3SZdTSG,1792102,"['cumbia', 'vallenato']",63,3mGBnso9JtXG8OeNT7fqMs,225,[],48,,,,,,,,,,,,,,,,,,,,,,,,,,,,,,,,,,,,,,,,,,,,,,,,,,,,,,,,,,,,Diomedes Diaz,El Cocha Molina,,,,,,,,,,,,,,,,,,,,,,,,,,,,,,,,,,,,,,,,,,,,,,,,,,,,,,,,
003IDC4FUadw6ocSKqWHtq,תחת עץ האהבה,22,193760,0,"['Nurit Galron', 'Yossi Banai']","['6tElujnqj1XntPgsnfPx7K', '0qyW8XnyYBblpgc9FpEaNh']",1/1/1988,1988,0.574,0.59,7,-7.879,0,0.0241,0.0844,0,0.0676,0.346,102.683,4,6tElujnqj1XntPgsnfPx7K,28827,"['classic israeli pop', 'israeli rock']",38,0qyW8XnyYBblpgc9FpEaNh,26075,['classic israeli pop'],37,,,,,,,,,,,,,,,,,,,,,,,,,,,,,,,,,,,,,,,,,,,,,,,,,,,,,,,,,,,,Nurit Galron,Yossi Banai,,,,,,,,,,,,,,,,,,,,,,,,,,,,,,,,,,,,,,,,,,,,,,,,,,,,,,,,
003IdD0Ir5LSZHlrPpLZlm,"Lute Suite in E Minor, BWV 996 (Arr. J. Williams for Guitar): II. Allemande",27,120907,0,"['Johann Sebastian Bach', 'John Williams']","['5aIqB5nVVvmFsvSdExz408', '6mBYeMZZUhJKEvRXagJYzY']",1975,1975,0.293,0.186,7,-27.67,1,0.0419,0.989,0.848,0.109,0.796,152.045,4,5aIqB5nVVvmFsvSdExz408,3149269,"['baroque', 'classical', 'early music', 'german baroque']",81,6mBYeMZZUhJKEvRXagJYzY,32608,['classical guitar'],54,,,,,,,,,,,,,,,,,,,,,,,,,,,,,,,,,,,,,,,,,,,,,,,,,,,,,,,,,,,,Johann Sebastian Bach,John Williams,,,,,,,,,,,,,,,,,,,,,,,,,,,,,,,,,,,,,,,,,,,,,,,,,,,,,,,,
003IvyvD1M7gdSDK3z5Kfd,Moño Negro,36,143200,0,['Alejandro Fernández'],['6sq1yF0OZEWA4xoXVKW1L9'],1996,1996,0.716,0.33,5,-11.764,0,0.0413,0.57,1.79E-05,0.138,0.554,117.835,4,6sq1yF0OZEWA4xoXVKW1L9,4078032,"['latin', 'latin arena pop', 'latin pop', 'mariachi', 'mexican pop', 'ranchera', 'regional mexican']",81,,,,,,,,,,,,,,,,,,,,,,,,,,,,,,,,,,,,,,,,,,,,,,,,,,,,,,,,,,,,,,,,Alejandro Fernández,,,,,,,,,,,,,,,,,,,,,,,,,,,,,,,,,,,,,,,,,,,,,,,,,,,,,,,,,
003JzPprzThp8SHUctgXnn,Willow Weep For Me - Remastered 1998,10,182413,0,['Thelonious Monk'],['4PDpGtF16XpqvXxsrFwQnN'],1952,1952,0.461,0.454,7,-8.499,1,0.0419,0.797,0.00612,0.107,0.298,142.197,4,4PDpGtF16XpqvXxsrFwQnN,485536,"['bebop', 'cool jazz', 'hard bop', 'jazz', 'jazz fusion', 'jazz piano', 'stride', 'vocal jazz']",58,,,,,,,,,,,,,,,,,,,,,,,,,,,,,,,,,,,,,,,,,,,,,,,,,,,,,,,,,,,,,,,,Thelonious Monk,,,,,,,,,,,,,,,,,,,,,,,,,,,,,,,,,,,,,,,,,,,,,,,,,,,,,,,,,
003KPastz3K8HNyHb8dixS,מעביר דף,26,303120,0,"['Shlomo Artzi', 'Nurit Galron']","['2W0dQPsEPd0tz7cj95gUse', '6tElujnqj1XntPgsnfPx7K']",4/9/2000,2000,0.65,0.83,0,-5.758,0,0.0281,0.106,0,0.318,0.632,132.353,4,2W0dQPsEPd0tz7cj95gUse,347596,"['classic israeli pop', 'israeli rock', 'israeli singer-songwriter']",54,6tElujnqj1XntPgsnfPx7K,28827,"['classic israeli pop', 'israeli rock']",38,,,,,,,,,,,,,,,,,,,,,,,,,,,,,,,,,,,,,,,,,,,,,,,,,,,,,,,,,,,,Shlomo Artzi,Nurit Galron,,,,,,,,,,,,,,,,,,,,,,,,,,,,,,,,,,,,,,,,,,,,,,,,,,,,,,,,
003noSDLb7rvHSJ2FPYmDX,Russian Lullaby - Radio Edit,38,193867,0,['E-Type'],['53I4RAzuXWvaO1vzrCBJbD'],1/1/1995,1995,0.566,0.95,2,-9.146,0,0.0376,0.00354,0.00493,0.227,0.759,148.029,4,53I4RAzuXWvaO1vzrCBJbD,112178,"['bubblegum dance', 'eurodance', 'europop', 'swedish eurodance']",57,,,,,,,,,,,,,,,,,,,,,,,,,,,,,,,,,,,,,,,,,,,,,,,,,,,,,,,,,,,,,,,,E-Type,,,,,,,,,,,,,,,,,,,,,,,,,,,,,,,,,,,,,,,,,,,,,,,,,,,,,,,,,
003oRl3zfRZvhttUxM9Gr5,El Negrito Sabrosón,12,238707,0,['Binomio de Oro'],['6n21XaDAuqpceTXBiypR9W'],11/12/1986,1986,0.76,0.746,2,-5.179,1,0.271,0.322,2.04E-06,0.0457,0.892,137.078,4,6n21XaDAuqpceTXBiypR9W,746503,"['cumbia', 'musica popular colombiana', 'vallenato']",55,,,,,,,,,,,,,,,,,,,,,,,,,,,,,,,,,,,,,,,,,,,,,,,,,,,,,,,,,,,,,,,,Binomio de Oro,,,,,,,,,,,,,,,,,,,,,,,,,,,,,,,,,,,,,,,,,,,,,,,,,,,,,,,,,
003PmYxl19KBg6m4uxClbR,Als Je Bij Me Bent,22,217267,0,['Andre Hazes'],['04MtOUkmIDC4LAxDDBjrOY'],1/1/1990,1990,0.47,0.712,5,-5.462,1,0.0317,0.164,0,0.225,0.28,146.181,4,04MtOUkmIDC4LAxDDBjrOY,465737,"['dutch pop', 'dutch rock', 'levenslied', 'nederpop']",66,,,,,,,,,,,,,,,,,,,,,,,,,,,,,,,,,,,,,,,,,,,,,,,,,,,,,,,,,,,,,,,,Andre Hazes,,,,,,,,,,,,,,,,,,,,,,,,,,,,,,,,,,,,,,,,,,,,,,,,,,,,,,,,,
003ShLCyC9ACAsdUWOcnk0,Njattu Velakkiliye - Male Version,19,228573,0,"['M. G. Radhakrishnan', 'M. G. Sreekumar']","['5L0RbvV13JHcxpbO7LxVAp', '3wjaprBWmoSJn4KP9tgkxt']",3/12/1993,1993,0.773,0.587,7,-12.196,1,0.039,0.829,3.94E-05,0.0719,0.86,130.138,4,5L0RbvV13JHcxpbO7LxVAp,60379,['mollywood'],32,3wjaprBWmoSJn4KP9tgkxt,143194,"['filmi', 'mollywood']",55,,,,,,,,,,,,,,,,,,,,,,,,,,,,,,,,,,,,,,,,,,,,,,,,,,,,,,,,,,,,M. G. Radhakrishnan,M. G. Sreekumar,,,,,,,,,,,,,,,,,,,,,,,,,,,,,,,,,,,,,,,,,,,,,,,,,,,,,,,,
003vvx7Niy0yvhvHt4a68B,Mr. Brightside,82,222973,0,['The Killers'],['0C0XlULifJtAgn6ZNCW2eu'],2004,2004,0.352,0.911,1,-5.23,1,0.0747,0.00121,0,0.0995,0.236,148.033,4,0C0XlULifJtAgn6ZNCW2eu,5944237,"['dance rock', 'modern rock', 'permanent wave', 'rock']",81,,,,,,,,,,,,,,,,,,,,,,,,,,,,,,,,,,,,,,,,,,,,,,,,,,,,,,,,,,,,,,,,The Killers,,,,,,,,,,,,,,,,,,,,,,,,,,,,,,,,,,,,,,,,,,,,,,,,,,,,,,,,,
003WuNd8vTwCW4JyhFQMYT,Falstaff: Act I: Scene 2: Quell'otre! quel tino!,0,42267,0,"['Giuseppe Verdi', 'Arturo Toscanini']","['1JOQXgYdQV2yfrhewqx96o', '4xpgBZSojKNEQqQHXrwSXA']",1954,1954,0.656,0.518,4,-18.673,1,0.101,0.987,0.132,0.762,0.932,142.216,3,1JOQXgYdQV2yfrhewqx96o,466404,"['classical', 'italian opera', 'italian romanticism', 'late romantic era']",63,4xpgBZSojKNEQqQHXrwSXA,10585,"['classical performance', 'historic orchestral performance', 'orchestral performance']",29,,,,,,,,,,,,,,,,,,,,,,,,,,,,,,,,,,,,,,,,,,,,,,,,,,,,,,,,,,,,Giuseppe Verdi,Arturo Toscanini,,,,,,,,,,,,,,,,,,,,,,,,,,,,,,,,,,,,,,,,,,,,,,,,,,,,,,,,
003Ymyk0DvgqFmqEmA5Vzc,Pode Esperar,24,249160,0,['Alcione'],['0hPar6ePAELiu9rYMdvMEo'],1978,1978,0.693,0.57,0,-9.949,0,0.0309,0.38,0,0.28,0.855,123.193,4,0hPar6ePAELiu9rYMdvMEo,599168,"['axe', 'bossa nova', 'mpb', 'musica maranhense', 'pagode', 'pagode novo', 'samba', 'velha guarda']",62,,,,,,,,,,,,,,,,,,,,,,,,,,,,,,,,,,,,,,,,,,,,,,,,,,,,,,,,,,,,,,,,Alcione,,,,,,,,,,,,,,,,,,,,,,,,,,,,,,,,,,,,,,,,,,,,,,,,,,,,,,,,,
003YOvQRIurKekUuUMDtkZ,Inocente,44,293616,0,['Los Gigantes Del Vallenato'],['0P8EpsSMekkWtsX331Iebt'],3/17/1999,1999,0.801,0.555,6,-7.871,1,0.0321,0.461,0,0.236,0.806,142.343,4,0P8EpsSMekkWtsX331Iebt,467884,['vallenato'],53,,,,,,,,,,,,,,,,,,,,,,,,,,,,,,,,,,,,,,,,,,,,,,,,,,,,,,,,,,,,,,,,Los Gigantes Del Vallenato,,,,,,,,,,,,,,,,,,,,,,,,,,,,,,,,,,,,,,,,,,,,,,,,,,,,,,,,,
0043vCcTBYYsmUPzCNd1JQ,Geef me liefde,11,224627,0,['Will Tura'],['4HS0xcnX3oDHfCLJpHlUT8'],1/1/1989,1989,0.749,0.756,9,-6.095,1,0.0374,0.00613,0,0.0332,0.861,122.414,4,4HS0xcnX3oDHfCLJpHlUT8,21703,['classic belgian pop'],43,,,,,,,,,,,,,,,,,,,,,,,,,,,,,,,,,,,,,,,,,,,,,,,,,,,,,,,,,,,,,,,,Will Tura,,,,,,,,,,,,,,,,,,,,,,,,,,,,,,,,,,,,,,,,,,,,,,,,,,,,,,,,,
00469l4g2MMTCWwPudV9Qq,Seven Lonely Days,1,255547,0,['江玲'],['1OMhQkdn6Ja8e2Nyj6nB88'],1/1/1960,1960,0.682,0.262,5,-14.67,0,0.0495,0.765,0,0.228,0.598,123.795,4,1OMhQkdn6Ja8e2Nyj6nB88,170,['vintage chinese pop'],12,,,,,,,,,,,,,,,,,,,,,,,,,,,,,,,,,,,,,,,,,,,,,,,,,,,,,,,,,,,,,,,,江玲,,,,,,,,,,,,,,,,,,,,,,,,,,,,,,,,,,,,,,,,,,,,,,,,,,,,,,,,,
0046quUYhSAFccrKIC3Iht,All Cried Out (with Full Force),43,284973,0,"['Lisa Lisa & Cult Jam', 'Full Force']","['1vgjN6nIPNKiiQGE9PtzTT', '1iQS32l0NPcZeJKVrvayS2']",6/1/1985,1985,0.48,0.435,1,-9.959,1,0.0305,0.207,5.83E-06,0.196,0.328,144.435,4,1vgjN6nIPNKiiQGE9PtzTT,221259,"['electro', 'freestyle', 'funk', 'new jack swing', 'quiet storm', 'urban contemporary']",51,1iQS32l0NPcZeJKVrvayS2,38372,"['electro', 'new jack swing']",48,,,,,,,,,,,,,,,,,,,,,,,,,,,,,,,,,,,,,,,,,,,,,,,,,,,,,,,,,,,,Lisa Lisa & Cult Jam,Full Force,,,,,,,,,,,,,,,,,,,,,,,,,,,,,,,,,,,,,,,,,,,,,,,,,,,,,,,,
0047CfWoMPpXkZlizPQAb2,Rich Girl,27,236213,0,"['Gwen Stefani', 'Eve']","['4yiQZ8tQPux8cPriYMWUFP', '4d3yvTptO48nOYTPBcPFZC']",11/23/2004,2004,0.856,0.754,7,-2.728,0,0.0416,0.0294,1.49E-05,0.206,0.722,98.018,4,4yiQZ8tQPux8cPriYMWUFP,4606057,"['dance pop', 'hip pop', 'pop', 'post-teen pop', 'urban contemporary']",78,4d3yvTptO48nOYTPBcPFZC,863519,"['dance pop', 'hip hop', 'hip pop', 'philly rap', 'pop rap', 'r&b', 'rap', 'urban contemporary']",70,,,,,,,,,,,,,,,,,,,,,,,,,,,,,,,,,,,,,,,,,,,,,,,,,,,,,,,,,,,,Gwen Stefani,Eve,,,,,,,,,,,,,,,,,,,,,,,,,,,,,,,,,,,,,,,,,,,,,,,,,,,,,,,,
004a0SY8lPBwVnLCtO9aOO,"Table Fan, Low Speed - Loopable with no fade",36,72223,0,"['Erik Eriksson', 'Sleep Solution for Tinnitus']","['2c5WYCqQGs0UttiLCzVfOe', '52O2TNxylxwGKkAj6wyZTH']",12/25/2016,2016,0,0.00125,1,-27.592,1,0,0.908,1,0.111,0,0,0,2c5WYCqQGs0UttiLCzVfOe,1261,['background music'],75,52O2TNxylxwGKkAj6wyZTH,,,,,,,,,,,,,,,,,,,,,,,,,,,,,,,,,,,,,,,,,,,,,,,,,,,,,,,,,,,,,,,Erik Eriksson,Sleep Solution for Tinnitus,,,,,,,,,,,,,,,,,,,,,,,,,,,,,,,,,,,,,,,,,,,,,,,,,,,,,,,,
004ADkC8JLeDkT5HGsPDBm,เลี้ยงส่ง,4,239867,0,['So Cool'],['4qKVhVoyPymnhT1XiXoTJy'],11/29/2005,2005,0.559,0.713,8,-4.029,0,0.0318,0.123,0,0.1,0.734,164.048,4,4qKVhVoyPymnhT1XiXoTJy,53525,['thai rock'],35,,,,,,,,,,,,,,,,,,,,,,,,,,,,,,,,,,,,,,,,,,,,,,,,,,,,,,,,,,,,,,,,So Cool,,,,,,,,,,,,,,,,,,,,,,,,,,,,,,,,,,,,,,,,,,,,,,,,,,,,,,,,,
004cCP7Csq7U0m67DDzEFs,"Variations and Fugue on a Theme by Handel, Op. 24: Variation V",0,72147,0,"['Johannes Brahms', 'Eugene Istomin']","['5wTAi7QkpP6kp8a54lmTOq', '0gE6uErl9csKjL0JYGphw7']",1946,1946,0.419,0.0874,3,-27.612,0,0.0419,0.995,0.922,0.12,0.507,64.008,5,5wTAi7QkpP6kp8a54lmTOq,690326,"['classical', 'german romanticism', 'late romantic era']",66,0gE6uErl9csKjL0JYGphw7,190,['american classical piano'],19,,,,,,,,,,,,,,,,,,,,,,,,,,,,,,,,,,,,,,,,,,,,,,,,,,,,,,,,,,,,Johannes Brahms,Eugene Istomin,,,,,,,,,,,,,,,,,,,,,,,,,,,,,,,,,,,,,,,,,,,,,,,,,,,,,,,,
004dqsaJ3B8BBpqpN0F4YT,The Battle Belongs to the Lord,31,186333,0,['Petra'],['1LmsXfZSt1nutb8OCvt00G'],1989,1989,0.665,0.5,7,-9.579,0,0.0345,0.0862,2.33E-06,0.104,0.95,119.969,4,1LmsXfZSt1nutb8OCvt00G,100149,"['ccm', 'christian alternative rock', 'christian metal', 'christian music', 'deep christian rock', 'rock cristiano', 'worship']",49,,,,,,,,,,,,,,,,,,,,,,,,,,,,,,,,,,,,,,,,,,,,,,,,,,,,,,,,,,,,,,,,Petra,,,,,,,,,,,,,,,,,,,,,,,,,,,,,,,,,,,,,,,,,,,,,,,,,,,,,,,,,
004G9E3EZhxxn5aE9yEQqx,Sandwiches de Miga,34,180713,0,"[""Pappo's Blues""]",['59dLJG3ZVwkMZLFKByQCJB'],11/25/1972,1972,0.393,0.779,5,-8.103,0,0.0361,0.00301,0.161,0.283,0.525,88.419,4,59dLJG3ZVwkMZLFKByQCJB,175776,"['argentine rock', 'blues latinoamericano', 'latin alternative', 'latin metal', 'latin rock', 'rock en espanol', 'rock nacional']",51,,,,,,,,,,,,,,,,,,,,,,,,,,,,,,,,,,,,,,,,,,,,,,,,,,,,,,,,,,,,,,,,Pappo's Blues],,,,,,,,,,,,,,,,,,,,,,,,,,,,,,,,,,,,,,,,,,,,,,,,,,,,,,,,,
004ltC6j7SM8J06Egoa4wN,Kot Mon,19,251960,0,['Pause'],['1pTiPuAABytFjsXsUwgsNE'],1999,1999,0.762,0.824,7,-7.571,1,0.0723,0.155,9.56E-05,0.097,0.756,98.072,4,1pTiPuAABytFjsXsUwgsNE,84863,"['classic thai pop', 'thai pop', 'thai rock']",50,,,,,,,,,,,,,,,,,,,,,,,,,,,,,,,,,,,,,,,,,,,,,,,,,,,,,,,,,,,,,,,,Pause,,,,,,,,,,,,,,,,,,,,,,,,,,,,,,,,,,,,,,,,,,,,,,,,,,,,,,,,,
004Me6nm9MknKeGKLnWx79,Change Of Heart,4,223240,0,['Tracy Huang'],['2P0OwKbtNXwKNEVLh4enPA'],4/30/1979,1979,0.705,0.584,9,-9.997,1,0.0296,0.158,5.39E-06,0.234,0.831,98.844,4,2P0OwKbtNXwKNEVLh4enPA,18116,"['c-pop', 'classic cantopop', 'classic mandopop', 'vintage chinese pop']",45,,,,,,,,,,,,,,,,,,,,,,,,,,,,,,,,,,,,,,,,,,,,,,,,,,,,,,,,,,,,,,,,Tracy Huang,,,,,,,,,,,,,,,,,,,,,,,,,,,,,,,,,,,,,,,,,,,,,,,,,,,,,,,,,
004NJ3y5ED5zhn5adktc8g,Somebody Stole My Gal,0,184812,0,['Fletcher Henderson'],['2ovJLSejirvJybNers2YG6'],1926,1926,0.378,0.598,3,-6.381,1,0.0434,0.996,0.607,0.43,0.649,198.492,4,2ovJLSejirvJybNers2YG6,16712,"['big band', 'harlem renaissance', 'jazz piano', 'ragtime', 'stride', 'swing', 'tin pan alley', 'vintage jazz']",32,,,,,,,,,,,,,,,,,,,,,,,,,,,,,,,,,,,,,,,,,,,,,,,,,,,,,,,,,,,,,,,,Fletcher Henderson,,,,,,,,,,,,,,,,,,,,,,,,,,,,,,,,,,,,,,,,,,,,,,,,,,,,,,,,,
004Oj2hkXAaenToKOLbYla,A la mar tiré un pañuelo,0,107760,0,['Margot Loyola'],['5Pwlzb0KM2YisXMkDJdv06'],1956,1956,0.764,0.302,2,-14.698,1,0.037,0.911,0.000446,0.261,0.829,117.191,3,5Pwlzb0KM2YisXMkDJdv06,2983,"['folklore chileno', 'nueva cancion']",16,,,,,,,,,,,,,,,,,,,,,,,,,,,,,,,,,,,,,,,,,,,,,,,,,,,,,,,,,,,,,,,,Margot Loyola,,,,,,,,,,,,,,,,,,,,,,,,,,,,,,,,,,,,,,,,,,,,,,,,,,,,,,,,,
004q4eDxR33ci4f8m4flwl,El Yeyo,43,171627,0,['Vicente Garcia'],['2Otnykd696YidQYfEGVmNq'],8/26/2016,2016,0.838,0.703,1,-6.195,0,0.05,0.768,1.56E-06,0.0861,0.658,104.982,4,2Otnykd696YidQYfEGVmNq,329012,"['bachata', 'dominican pop', 'latin', 'latin alternative', 'latin pop', 'reggae en espanol']",64,,,,,,,,,,,,,,,,,,,,,,,,,,,,,,,,,,,,,,,,,,,,,,,,,,,,,,,,,,,,,,,,Vicente Garcia,,,,,,,,,,,,,,,,,,,,,,,,,,,,,,,,,,,,,,,,,,,,,,,,,,,,,,,,,
004sbHg1qMzdrDXdxJpkj1,Heartbreaker - Single Version,5,262840,0,['Justin Bieber'],['1uNFoZAHBGtllmzznpCI3s'],4/2/2021,2021,0.568,0.517,6,-7.316,0,0.0894,0.146,0,0.343,0.578,104.441,4,1uNFoZAHBGtllmzznpCI3s,44606973,"['canadian pop', 'pop', 'post-teen pop']",100,,,,,,,,,,,,,,,,,,,,,,,,,,,,,,,,,,,,,,,,,,,,,,,,,,,,,,,,,,,,,,,,Justin Bieber,,,,,,,,,,,,,,,,,,,,,,,,,,,,,,,,,,,,,,,,,,,,,,,,,,,,,,,,,
004TG0nRHejwSKisvwTcAB,The Garden of Gethesemanie,31,204853,0,['Tsegue-Maryam Guebrou'],['1wJQvcfqhxMm2X6ErAZNrq'],1963,1963,0.22,0.0447,4,-25.514,1,0.0384,0.995,0.941,0.101,0.197,68.349,4,1wJQvcfqhxMm2X6ErAZNrq,3720,['impressionism'],50,,,,,,,,,,,,,,,,,,,,,,,,,,,,,,,,,,,,,,,,,,,,,,,,,,,,,,,,,,,,,,,,Tsegue-Maryam Guebrou,,,,,,,,,,,,,,,,,,,,,,,,,,,,,,,,,,,,,,,,,,,,,,,,,,,,,,,,,
004tIr2Xy3FJVesPxRBLqm,Lie To Me,2,226853,0,['Vera Blue'],['5ujrA1eZLDHR7yQ6FZa2qA'],9/25/2020,2020,0.683,0.572,7,-7.086,1,0.0447,0.11,1.54E-05,0.0895,0.583,100.035,4,5ujrA1eZLDHR7yQ6FZa2qA,152613,"['australian indie', 'australian pop']",64,,,,,,,,,,,,,,,,,,,,,,,,,,,,,,,,,,,,,,,,,,,,,,,,,,,,,,,,,,,,,,,,Vera Blue,,,,,,,,,,,,,,,,,,,,,,,,,,,,,,,,,,,,,,,,,,,,,,,,,,,,,,,,,
